 Seri Numarası ,Kategori,Raf,Açıklama,Not,Stok Giriş Tarihi,Yenileme Tarihi
 W415589009100 ,Kontrol Bağlantısı,BİNEK 1/1,Soğutma sisteminin genleşme kabının kaçak testi için kontrol bağlantısı ve soğutma sisteminin radyatör vakumlama doldurma cihazı doldurulması için. Hatırlatma: Basınç pompası 124 589 24 21 00 ile ve soğutma sisteminin radyatör vakumlama doldurma cihazı 285 589 00 21 00 bağlantılı olarak.,,,
 W415589009100 ,Kontrol Bağlantısı,BİNEK 1/1,Soğutma sisteminin genleşme kabının kaçak testi için kontrol bağlantısı ve soğutma sisteminin radyatör vakumlama doldurma cihazı doldurulması için. Hatırlatma: Basınç pompası 124 589 24 21 00 ile ve soğutma sisteminin radyatör vakumlama doldurma cihazı 285 589 00 21 00 bağlantılı olarak.,,,
W654589000900,Lokma anahtarı,BİNEK 1/1,Motor bloğunda hidrolik yollu valfın sökülmesi ve takılması için lokma anahtarı,,,
 W607589044300 ,Takma el aleti,BİNEK 1/1,Radyal mil keçesinin volan tarafın takılması için.,,,
 W607589014300 ,Çektirme,BİNEK 1/1,Volan tarafında ve krank milinde radyal mil keçesinin sökülmesi için.,,,
 W7000589003100 ,Çektirme,BİNEK 1/1,Bilgi yok,,,
 W470589010700 ,Tırnaklı Anahtar,BİNEK 1/1, Depo modülündeki ve AdBlue® pompa modülünde rakor somununun takılması ve sökülmesi için kıskaç anahtar.,,,
 W259589001502 ,Malafa,BİNEK 1/1,Bilgi yok,,,
 W700589011400 ,Kovan,BİNEK 1/1,Primer mili contasının takılması için.,,,
 W607589011500 ,Malafa,BİNEK 1/1,Eksantrik milinin kilitlenmesi.,,,
 W415589006300 ,Bilgi Yok,BİNEK 1/2,Bilgi yok,,,
 W626589034000 ,Tutma kilidi,BİNEK 1/2,Bilgi yok,,,
 Bilgi Yok ,Çektirme,BİNEK 1/2,Bilgi yok,,,
 W415589003300 ,Çektirme,BİNEK 1/2,Enine bugi kolundaki taşıma mafsalının çektirilmesi için.,,,
 W470589051500 ,Malafa,BİNEK 1/2,Ön şanzıman dişli kutusundaki radyal mil keçesinin yenilenmesi için malafa.,,,
 W607589054300 ,Takma el aleti,BİNEK 1/2,Kam mili radyal mil keçesinin montajı için içeri çektirme tertibatı. Teknik açıklama : Adaptör 607   589   06   43   00 ile bağlantılı olarak.,,,
 W654589003201 ,Plaka,BİNEK 1/2,Kumanda zincirinin perçinlerinde silindir başı ayırma yüzeyinin koruma plakası. Hatırlatma: Sadece W   654   589   00   33   00 perçin presleme aleti ile bağlantılı olarak. Tahrik düşlüsü üzerinde kumanda zincirinin atmasının engellenmesi için plaka. 02 numaralı parça BİNEK 1/3 RAFINDA,,,
 W700589081500 ,Malafa,BİNEK 1/2,Şanzımandaki sol contanın montajı için.,,,
 W607589024000 ,Tutma kilidi,BİNEK 1/2,Eksantrik mili dişlisinin bloke edilmesi için.,,,
 W626589004000 ,Karşı tutucu,BİNEK 1/2,Eksantrik mili dişlisinin emme eksantrik milinde kilitlenmesi için kontra tutucu,,,
 W203589014301 -02 ,Çektirerek sökme ve takma el aleti,BİNEK 1/2, Uzun rot kolu lastik yatakları için dışarı ve içeri presleme aleti Malafa 126 589 03 15 00 ile bağlantılı olarak mafsallı ara yatağın vites çatalı üzerine çakılarak takılması için dışarı ve içeri presleme aleti.,,,
 W700589021500 ,Malafa,BİNEK 1/2, Planet dişliye emniyet segmanının takılması için malafa.,,,
 Bilgi Yok ,17 NUMARA ANAHTAR BAŞLIĞI,BİNEK 1/2,Bilgi yok,,,
 W240589009100 ,EHB- ADAPTÖR,BİNEK 1/2,"Elektro-hidrolik fren tertibatının havasını tahliye etmek için EHB adaptörüdür. Hatırlatma: EHB adaptörünü kullanmak için, yanında gelen mandal kelepçesiyle havalandırma kabının hortumuna bağlayın.",,,
 W700589011500 ,Malafa,BİNEK 1/2,Radyal mil keçelerinin içeri çakılması için malafa.,,,
 Bilgi Yok ,KELEPÇE PENSESİ,BİNEK 1/2,Bilgi yok,,,
 W700589091500 ,Malafa,BİNEK 1/2,Şanzımandaki sağ contanın montajı için.,,,
 W700589001500 ,Malafa,BİNEK 1/2, Radyal mil yağ keçelerinin içeri çakılması için malafa.,,,
 W700589001400 ,Lokma anahtarı,BİNEK 1/2, Geri vites şalterinin sökülmesi ve takılmasına ilişkin,,,
 W626589014000 ,Tutma kilidi,BİNEK 1/2,Şanzıman sökülmüş durumda marş motoru dişli çemberinin kilitlenmesi için.,,,
 W1105890000100 ,Rekor anahtarı,BİNEK 1/2,Bilgi yok,,,
 W607589011500 ,Malafa,BİNEK 1/2,Eksantrik milinin kilitlenmesi.,,,
 W642589003100 ,Aşağıda tutma aleti seti,BİNEK 1/3,Supap başlığı açıkken eksantrik millerini sabitlemek için yatak köprüleri (2 adet). ,,,
 W270589016100 ,Tutma Tertibatı,BİNEK 1/3," ÜÖN'de eksantrik milin aşağıda tutulması ve sabitlenmesi için tutma tertibatı Hatırlatma Özel el aleti W270589 00 61 00, tutucu tertibatı modifiye edilmiş bir özel el aleti versiyonu W270589 01 61 00, tutucu tertibatı ile değiştirilir. Değişiklikler, özel el aletinin işlevselliğinin daha yeni motor-jenerasyonlarında da sağlanması için uygulanmıştır. Mevcut özel el aleti W270589 00 61 00, tutucu tertibatı tekli aleti W270589 01 61 15, takozu ile güncel duruma getirilebilir. Temin etme bilgisi: W270 589 00 61 00 tutma tertibatı için yedek.",,,
 W220589044301 ,Takma el aleti,BİNEK 1/3,Arka aks taşıyıcısındaki arka elastomer yatağı için içeri çekme tertibatıdır.,,,
 W164589004300 ,Çektirerek sökme ve takma el aleti,BİNEK 1/3,"Süspansiyon ünitesinin enine bağlantı kolunda bulanan elastomer yataklarının sökülmesi ve çakılması için sökme ve içeri çekme tertibatı. Teknik hatırlatma: Yalnızca W 652 589 00 33 21 el pompası, W 652 589 00 33 22 oluklu silindir, W 001 589 10 91 00 hortum ve W 652 589 00 33 11 dişli mil ile bağlantılı olarak.",,,
 W700589161500 ,Malafa / Prizdirek,BİNEK 1/3,Bilgi yok,,,
 W607589003102 ,Adapsyon,BİNEK 1/3,Motorun sökülmesi ve takıması sırasında desteklenmesi ve bunlarla çalışma sırasında motor kaldırma tertibatının W246 589 00 62 00 uyumu için üst motor yatağı sökülmek zorundadır. Hatırlatma : Sadece motor kaldırma tertibatı W246 589 00 62 00 ile bağlantılı olarak kullanılmalıdır.,,,
 W166589004300 ,Çektirerek sökme ve takma el aleti,BİNEK 1/3,"Ön aks enine bağlantı kolundaki yatağın sökülmesi ve takılması için sökme ve içeri çekme tertibatı. Teknik hatırlatma: W 001 589 51 33 00 hidrolik pres, W 652 589 00 33 21 el pompası ve W 001 589 00 33 23 00 elastomer yatağı ve konfor yatak için hidrolik hortum ile bağlantılı olarak. ",,,
 W163589004300 /04 ,Presleyerek sökme ve takma aleti,BİNEK 1/3,Elastomer yatağını ön ve arka aksın üst ve alt enine bağlantı kolundan çekerek çıkartmak ve takmak için çıkartma ve içeri bastırma aleti TİP 420: Elastomer yatağını arka akstan çekerek çıkartmak ve takmak için çıkartma ve içeri bastırma aleti Temin etme bilgisi: Bu atölye donanımının satışı durduruldu. Atölye donanımı artık temin edilebilir değil. Mümkünse lütfen kendiniz hazırlayın veya temin edin veya mevcut atölye donanımını onarın.,,,
 W607589034300 ,Takma el aleti,BİNEK 1/3,Radyal mil keçesinin montajı için kumanda gövdesinde. Hatırlatma: Adaptör 607 589 00 43 00 ile bağlantılı olarak.,,,
 W270589029100 ,Bağlantı Adaptörü,BİNEK 1/3,Hava yolunun arıza teşhisi için bağlantı adaptörü.,,,
 W129589010900 ,Geçmeli kovan,BİNEK 1/3,Gösterge grubundaki soket lambalarını gösterge grubunu tamamen sökmek zorunda kalmadan sökmek ve takmak için dişi faston,,,
 W607058929100 ,Vidalanabilir parça,BİNEK 1/3,: Kompresyon basıncı veya basınç kaybı ölçümü için kızdırma bujisindeki (M10x1) vidalanabilir parça.,,,
 W607589019100 ,ADAPTÖR,BİNEK 1/3,Yağ basıncı ölçümünde kontrol cihazının 103 589 00 21 00 bağlantısı için adaptör.,,,
 W654589003202 ,PLAKA,BİNEK 1/3,Kumanda zincirinin perçinlerinde silindir başı ayırma yüzeyinin koruma plakası. Hatırlatma: Sadece W   654   589   00   33   00 perçin presleme aleti ile bağlantılı olarak. Tahrik düşlüsü üzerinde kumanda zincirinin atmasının engellenmesi için plaka. 01 NUMARALI PARÇA BİNEK 1/3 RAFINDA,,,
 Bilgi Yok ,STETESKOP,BİNEK 1/3,SES DİNLEME. STETESKOP,,,
 W646589022100 ,1240 bar test adaptörü,BİNEK 1/4,Yakıt yüksek basınç devresinin akış kontrolü için test adaptörü. Miktar kısma kumandası 1240 bar'da gerçekleşir. Kontrol cihazı kategorisi CAT_B.,,,
 W642589026309 ,ADAPTÖR,BİNEK 1/4,"Kompresyon ölçümü veya basınç kaybı ölçümü için NW 7,2'den NW 5,0 nominal çapa redüksiyonlu basınçlı hava adaptörü. Hatırlatma : Vidalı adaptör W 270 589 01 91 00 ile bağlantılı olarak hortum A'daki W 450 589 17 21 00 basınç kaybı test cihazına veya W 642 589 02 63 00 vidalı parçadaki W 001 589 76 21 00 kompresyon basıncı kayıt cihazına.",,,
 W642589020302 ,Bilgi Yok,BİNEK 1/4,Bilgi yok,,,
 W215589010311 ,Bilgi Yok,BİNEK 1/4 ,Somunlu metal çubuk,,,
 W674589019000 ,Bilgi Yok,BİNEK 1/4,Bilgi yok,,,
 W166589005300 ,Bilgi Yok,BİNEK 1/4 ,Ahşap el aleti,,,
 W129589106300 ,Baskı parçası,BİNEK 1/4," Baskı parçası M12x1,5, tutucunun altı köşesi için korunma TİP 211.08/28/09/29, 220 W 124 589 02 33 00 çektirme TİP 140, 211, 215, 219, 220, 230, 240 W 140 589 00 33 00 çektirme TİP 203, 209, 216, 221 W 201 589 01 33 00 çektirme TİP 124, 129, 169, 170, 171, 201, 202, 203, 208, 210, 209, 211, 230, 245 W 203 589 00 33 00 çektirme TİP 164, 169, 190, 197, 204, 216, 221, 245, 251, 906 W 221 589 00 33 00 çektirme",,,
 W209589072300 ,Aralık mastarı,BİNEK 1/4, Kapı yan camı monte edilirken belli X konumda sabitlemek için sentil.,,,
 W221589014300 ,Çektirme ve takma el aleti,BİNEK 1/5,"Arka aks dişli kutusu yataklarının ön enine köprüden ve arka aks taşıyıcısından çektirilmesi ve takılması için dışarı ve içeri çektirme aleti. Hatırlatma: Sadece el pompası 652 589 00 33 21, hidrolik hortumu 652 589 00 33 23 ve delikli piston silindiri 001 589 51 33 00 ile birlikte kullanın.",,,
 W725589005900 ,Sökme ve takma el aleti,BİNEK 1/5, Yağ pompasının konvertör gövdesinden sökülmesi ve takılması için.,,,
 W470589091500 ,Malafa,BİNEK 1/5,Radyal mil keçesinin otomatik şanzımanın güç çıkış miline takılması için malafa. Teknik bilgilendirme: Sadece 001   589   00   40   00 tutamak parçası ile birlikte.,,,
 W470589061500 ,Malafa,BİNEK 1/5,Malafa,,,
 W654589032100 ,Ayar aleti,BİNEK 1/5,Üst ölü noktası pozisyonun (OT) tespit edilmesi için ayar aleti. ,Teknik hatırlatma: W   654   589   00   21   00 ayar aleti için yedek.,,
 W001589004000 ,Tutma parçası,BİNEK 1/5,Çeşitli malafaların yuvası için kavrama parçası.,,,
 W470589101500 ,Malafa,BİNEK 1/5,Otomatik şanzımanın tahrik flanşında radyal mil contasının yenilenmesi için malafa,Teknik bilgilendirme: Sadece W   001   589   00   40   00 Kavrama parçası ile bağlantılı olarak.,,
 W470589101500 ,Malafa,BİNEK 1/5,Otomatik şanzımanın tahrik flanşında radyal mil contasının yenilenmesi için malafa.,Sadece W001589004000 Kavrama parçası ile bağlantılı olarak.,,
 W470589041400 ,Kaide,BİNEK 1/5,Turboşarjın kontrolünde komparatörü sabitleme altlığı. ,Teknik hatırlatma: Komparatör W   450   589   06   21   00 ile bağlantılı olarak kullanılmalıdır. Hatırlatma: Kontrol için özel altlık Smart turboşarj sipariş edilecek smart no. 0005568.,,
 W654589001400/01/02/03 ,Kovan,BİNEK 1/6, Yakıt yüksek basınç pompasının sökülmesi ve takılmasında zincir dişlisinin yuvasının kovanı.,,,
 W699589000501 ,El aleti,BİNEK 1/6,El Aleti,,,
 W000589569800 ,Koruyucu soket,BİNEK 1/6,HV kontak noktalarını kapatmak ve HV kontaklarındaki ilgili ölçüm noktalarına yönlendirmek için koruyucu soket.,,,
 W119589004300 ,Malafa,BİNEK 1/6,Valf sapı contalarının silindir kapağına çakılması,,,
 W626589044000 ,Ayar aleti,BİNEK 1/6,Eksantrik milinin bloke edilmesi için.,,,
 W699589024000 ,Ayar aleti,BİNEK 1/6,Bilgi yok,,,
 W654589014300 ,Takma el aleti,BİNEK 1/6,Arka radyal mili keçesinin montajı için çekme tertibatı krank miline,Hatırlatma: W651589016100   çekme aleti ile bağlantılı olarak kullanın.,,
 W470589111500 ,Malafa,BİNEK 1/6,Otomatik şanzımanın tahrik flanşında radyal mil contasının yenilenmesi için malafa.,Teknik bilgilendirme: Sadece W001589004000 tutamak parçası ile bağlantılı olarak.,,
 W220589049938 ,NanoMQS kilit açma aleti,BİNEK 1/6,NanoMQS2‑temaslarının kilidinin çözülmesi için kilit açma el aleti.,,,
 W654589004000 02 ,Karşı tutucu,BİNEK 1/6,Kayış tahrikinde ayırıcının demonte edilmesi ve monte edilmesi ayrıca krank milin döndürülmesi için karşı tutucu.,,,
 W725589029000 01/02 ,Montaj aleti,BİNEK 1/3,Şanzıman yağ durumunun kontrol edilmesi ve düzeltilmesi için. ,Teknik hatırlatma: Parça W   725   589   02   90   02 toplama kabı ve parça W   725   589   02   90   01 lokma anahtar yerine W   724   589   01   09   00 lokma anahtar ve W   725   589 00   09   00 lokma anahtar kullanılacaktır.,,
 W256589023100 ,Montaj aleti,BİNEK 1/7, Eksantrik mili ayarlayıcısını döndürmek ve belirlemek için montaj aleti ,,,
 W246589004000 ,Karşı tutucu,BİNEK 1/7 ,Akü klemensinde (Plus) artı hattın montajı veya demontajı için kontra tutucu.,,,
 W541589000100 ,Anahtar,BİNEK 1/7,El Aleti,,,
 W000589016800 ,Temizlik seti,BİNEK 1/7,SRS kumadna cihazındaki PIN'lerin temizlenmesi için temizleme seti,,,
 W626589024003 ,Karşı tutucu,BİNEK 1/7,Titreşim gidericisini karşı tutmak için. Krank milinin kayış kasnağından döndürülmesi için,,,
 W699589034000 ,Tutma kilidi,BİNEK 1/7,Yüksek basınç pompası çarkının blokajı için tutma kilidi.,,,
 W470589081500 01/02/03 ,Malafa seti,BİNEK 1/7, Radyal mil keçesinin tahrik flanşına ve ön aks dişli kutusunun (VA şanzımanı) sağ ve sol güç çıkış tarafına monte edilmesi için malafa seti. Arka aks tekerlek rulmanının sökülmesi ve takılması için malafa seti.,Teknik hatırlatma: 001   589   00   40   00 kavrama parçası ile bağlantılı olarak.,,
 W470589121500 01 /02/03 ,Malafa seti,BİNEK 1/7, Tahrik ve durdurma taraflı dağıtıcı dişli kutusunda radyal mil keçesinin montajı için malafa seti. Arka aks tekerlek rulmanının sökülmesi ve takılması için malafa seti. ,Teknik hatırlatma: 001   589   00   40   00 kavrama parçası ile bağlantılı olarak.,,
 W904589036300 ,Bloke tertibatı,BİNEK 1/7,"Kompresör çarkı için blokaj tertibatı, kompresör çarkı somununun çözülmesi ve sıkılması için.",,,
 W607589056300 ,Ana plaka,BİNEK 1/7,Volan tarafındaki radyal mil keçesinin krank miline takılması için ana plaka.,Hatırlatma: İçeri çektirme el aleti W607 589 04 43 00 ile bağlantılı olara,,
 W470589041400 ,Burç takımı,BİNEK 1/7,Bilgi yok,,,
 W699589004000 ,Volan kilidi ,BİNEK 1/7,Volan kilidi,,,
 w699589001500 ,krank mili sabitleme mandreni,BİNEK 1/7,krank mili sabitleme mandreni,,,
 W210589004300 ,Çekme ve takma el aleti,BİNEK 1/8,Alt enine bağlantı kolu elastomer yatağı için çektirme ve takma aleti,,,
 W102589011400 ,Kovan,BİNEK 1/8, Radyal mil keçesinin bastırılıp takılması için kovan (tek ve iki kat makaralı zincir),,,
 W129589009100 ,Tıpa seti,BİNEK 1/8,Hidrolik elemanlarının ve hatlarının kapatılması için tıpa seti.," Set, 15 alt grup ve 116 parçadan oluşur",,
 W450589001000 ,Lokma anahtarı,BİNEK 1/8,Silindir başı vidalarını sıkmak için lokma anahtarı,Hatırlatma: İç altıgen yuvarlak T 70 smart-No. 0005084.,,
 W256589002300 ,Sabitleme tertibatı,BİNEK 1/8, Eksantrik milinin temel konumunun ayarlanması için ve eksantrik mili ayarlayıcısının demontajında ve montajında kontralama yapmak için sabitleme tertibatı.,,,
 W254589002300 ,Sabitleme tertibatı,BİNEK 1/8, Eksantrik milinin temel konumunun ayarlanması için ve eksantrik mili ayarlayıcısının demontajında ve montajında kontralama yapmak için sabitleme tertibatı.,,,
 W211589061500 ,MALAFA,BİNEK 1/8,Koruyucu halkayı arka aks millerine çakmaya yarayan malafadır.,,,
 W102589003300 ,Çektirme,BİNEK 1/8,Krank mili üzerindeki mesafe pulu için çektirme,,,
 W111589084300 ,Montaj aleti,BİNEK 2/1,Arka radyal mil keçesinin normal konuma bastırılması için montaj aleti ve çalıştırılmış krank milinde 3 nolu parça ile 3 mm lik içeri alınmış konumla.,,,
 W220589023100 ,Germe balataları,BİNEK 2/1,"Arka aks mili tutucu yanakları ∅ 34 mm, halka mafsalın takılmasında",,,
 W724589013300 ,Çektirme,BİNEK 2/1,Verici çarkı bastırarak yağ pompasından çıkarmaya yarayan çektirme aletidir,,,
 W177589000900 ,Lokma anahtarı elemanı,BİNEK 2/1, Kam mili ayarlayıcısı kumanda valfini çözmek ve vidalamak için delikli altıgen T100 lokma anahtar takımı.,Teknik hatırlatma : W       271     589001000 lokma anahtarı için yedek.,,
 W639589009100 ,Kontrol kapağı,BİNEK 2/1,W   124   589   24   21   00 basınç pompası ile bağlantılı olarak motor soğutma sisteminin sızdırmazlık kontrolü için dengeleme kabı kontrol bağlantısı. W   285   589   00   21   00 radyatör vakumlu dolum cihazıyla motor soğutma sisteminin dolumu için.,,,
 W163589019100 ,Kontrol kapağı,BİNEK 2/1,Soğutma tertibatını sızdırmazlık açısından kontrol etmek için soğutma maddesi genleşme kabı ile W   124   589   24   21   00 kontrol cihazı arasına takılan kontrol kapağı.,,,
 W210589009100 ,Kontrol kapağı,BİNEK 2/1, W   124   589   24   21   00 basınç pompası ve W   285   589   00   21   00 soğutucu vakumlu dolum cihazına ilişkin soğutma maddesi dengeleme kabı için vidalı kontrol kapağı.,,,
 W640589009100 ,ADAPTÖR,BİNEK 2/1,Turboşarj hava sisteminin sızdırmazlık kontrolü için adaptör.,Teknik hatırlatma: W   611   589   02   21   00 sızdırmazlık kontrol cihazıyla birlikte kullanılmalıdır.,,
 W210589036300 ,ADAPTÖR,BİNEK 2/1,Dişlilere sahip kapağın kontrol adaptörü.,Hatırlatma: 124 589 24 21 00 basınç pompasıyla bağlantılı olarak.,,
 W607589039100 ,Bağlantı adaptörü,BİNEK 2/1,Hava emişinin sızdırmazlık kontrolü (hava yolunun arıza teşhisi) için bağlantı adaptörü,Hatırlatma: 611 589 02 21 00 sızdırmazlık kontrol cihazı ile bağlantılı olarak.,,
 W651589029100 ,Adaptör,BİNEK 2/1,Sızdırmazlık kontrol cihazı W 611 589 02 21 00 ile bağlantılı olarak turboşarj havası sisteminin sızdırmazlık kontrolü için adaptör.,KIRMIZI HORTUM,,
 W001589732100 ,El vakum pompası,BİNEK 2/1,"Yan kanal pompasının, stator ve rotor gövdesinin sızdırmazlık kontrolü için el vakum pompası (0 ... 1000 mbar, bölünme 20 mbar)",,,
 HSD0000000004 ,FR BAĞLANTI KABLOSU,BİNEK 2/1,FR KABLOSU YENİ ARAÇ,,,
 W102589014000 ,Tutma kilidi,BİNEK 2/2,Şanzıman sökülü iken volanı bloke etmek için,,,
 W202589023300 ,Çektirme,BİNEK 2/2,Aks başındaki taşıyıcı mafsal için çektirme aleti.,Teknik hatırlatma: Sadece basınç aktarım parçası W   140   589   00   63   00 und W   210   589   04   63   00 ile birlikte kullanılmalıdır,,
 W460589111500 ,Malafa,BİNEK 2/2,"Dengelemenin zor hareket etme kontrolü ve sürtünme torku kontrolü için 1/2"" dört köşeli malafa.",,,
 W355589016300 ,Darbeli çektirme,BİNEK 2/2,"Diferansiyel dişli grubu kilidi kavrama pistonunun, millerin, bağlantı parçalarının ve kapakların sökülmesi için darbeli çektirme.",,,
 W906589026300 ,Çektirme el aleti,BİNEK 2/2,Koruyucu kovanının silindir kapağından çektirilmesi için W   355   589   01   63   00   darbeli çektirme ile birlikte kullanılan çektirme el aleti., Diğer kullanımı: Sabit gaz kelebeğinin valfindeki supap sapı keçesinin sökülmesi.,,
 W254589001500 ,MİL,BİNEK 2/2,Bilgi yok,,,
 W169589009100 ,Kontrol kapağı,BİNEK 2/2,Soğutma sisteminin sızdırmazlık kontrolü için soğutma maddesi dengeleme kabı kontrol kapağı ,Hatırlatma: Kontrol cihazı 124 589 24 21 00 ile bağlantılı olarak. Radyatör-vakumlu dolum cihazı 285 589 00 21 00 ile soğutma sistemini doldurmak için.,,
 W001589800900 ,Lokma anahtar elemanı,BİNEK 2/2,"Lokma anahtar elemanı 8 mm, altı köşe, derin delinmiş, mafsalla ve uzatmayla sıkı sıkıya bağlıdır. Dört köşe tahrikli elemanı 3/8""̋ ile. Çubuk kızdırma bujilerini takmak ve sökmek için",Hatırlatma: 454 589 02 09 00 çoklu somun anahtarı smart-özel el aletine eş parça.,,
 W203589031000 ,Valf anahtarı,BİNEK 2/2, Yüksek basınç ve düşük basınç servis valflerindeki valf elemanının takılması ve sökülmesi için valf anahtarı.,,,
 W001589790900 ,Lokma,BİNEK 2/2,"Yakıt ve yağ sıcaklık sensörlerinin sökülmesi ve takılması için lokma anahtar takımı, ağız genişliği 22   mm çift altı köşeli, tahrik 1/2"" içten dört köşeli.",,,
 W211589010300 ,Yıldız anahtar lokması,BİNEK 2/2,Arka aks dişli kutusu yatağını arkaya vidalamak için 14x18mm dört köşeli tak çıkar anahtarı bulunan E   18 yıldız anahtar takımıdır.,,,
 W611589000300 ,Lokma anahtarı,BİNEK 2/2,Açık ağızlı lokma püskürtme boruları içindir.,,,
 W470589269100 ,Kontrol bağlantısı,BİNEK 2/2,Bilgi yok,,,
 W639589019100 ,Kontrol kapağı,BİNEK 2/2,Bilgi yok,,,
 W124589009100 ,Kontrol bağlantısı,BİNEK 2/2, Soğutma maddesi dengeleme kabın 57 mm'lik kontrol kapağı (bayonet sistemi) kontrol cihazı 124 589 24 21 00 ve doldurma cihazı ile bağlantılı.,,,
 W112589010300 ,Takma aleti,BİNEK 2/2,"Altı köşe yıldız anahtar E18 ve dörtgen lokma 14X18 mm takma aleti, sol sabitleme cıvatasını kam mili dişlisinden çektirmek için W   001   589   66   21   00 tork anahtarına.",,,
 W642589013300 ,Vidalı adaptör,BİNEK 2/2,Piezo enjektörlerin vurarak çıkarılması için dişli adaptörü. Hatırlatma : 602   589   00   33   00 darbeli çektirme ile bağlantılı olarak.,,,
 W210589011600 ,Dört kenar tahrikli,BİNEK 2/2," Dört köşeli tahrik zincir gerdiricisinin sökülmesi ve ayrıca genel kullanılabilir dört köşeli tahrik 1/2"" 14 x 18 mm geçme bağlantıları için",,,
 W272589009100 ,Dişli adaptörü,BİNEK 2/2," M10×1 dişli bağlantısına sahip dişli adaptörün iç kısmı M12×1,25 dış kısma, Bosch şirketinin basınç kaybı kontrol cihazı için.",,,
 W221589013300 ,Ayırma / Gevşetme el aleti,BİNEK 2/2, Şanzımandan ve şanzıman yağı radyatöründen yağ radyatörü hortumlarının çözülmesi için gevşetme aleti.,,,
 W904589006300 ,Vidalı ara parça,BİNEK 2/2,"Meme tutucusu kombinasyonunu çektirmek için vidalı ara parça (M14x1,5 ve M8) W   355   589   01   63   00   darbeli çektirme ile birlikte.",,,
 W102589053300 ,ÇEKTİRME,BİNEK 2/3,Bilgi yok,,,
 W124589033300 ,ÇEKTİRME,BİNEK 2/3,Rot kolu kürsel mafsalı için çektirme aletidir.,"Teknik hatırlatma: W   129   589   10   63   00 basınç aktarım parçası ve W   201   589   05   63   00 basınç aktarım parçası ile birlikte kullanılmalıdır (tip 460, 461, 463 dışında). Tıp 171: Sadece W   140   589   00   63   00 basınç aktarım parçası ile birlikte kullanılmalıdır. ",,
 W220589019920 ,"RK 1,5 çıkartma elemanı olan kilit açıcısı",BİNEK 2/3,"d = 1,5 mm yuvarlak kontakların kilidini açmak ve sökmek için ∅ 1,5 dışarı çıkartma elemanı olan kilit açma elemanı","Yedek parça: W 220 589 01 99 21 yedek kovan RK 1,5 Hatırlatma: W 620 589 08 63 00 montaj kulpunda, W 620 589 08 63 02 yedek kovanda kullanın.",,
 W111589015914 ,Bilgi Yok,BİNEK 2/3,Bilgi yok,,,
 W636589020300 ,Bilgi yok,BİNEK 2/3,Bilgi yok,,,
,19 REKOR,BİNEK 2/2,Bilgi yok,,,
 W211589000900 ,Lokma anahtarı elemanı,BİNEK 2/2,Havalı süspansiyonun hat bağlantısının sıkılması ve çözülmesi için lokma anahtar elemanı 10mm (yarıklı).,Hatırlatma: W   001   589   86   21   00 tork anahtarı ve W   001   589   00   03   00 yıldız anahtar lokması ile bağlantılı olarak kullanın. ,,
 W111589015910 ,MİL,BİNEK 2/3,Bilgi yok,,,
 W140589003300 ,ÇEKTİRME,BİNEK 2/3,Aks zincirindeki üst enine bağlantı kolunun kılavuz mafsalı için çektirme aleti.,Teknik hatırlatma: W   210   589   04   63   00 basınç parçasıyla kullanılarak.,,
 W668589003400 ,Sıkma pensesi,BİNEK 2/3, Enjektör için gerdirme pensesi.,Teknik hatırlatma: Enjektörler sıkıştığında darbeli çekici W   602   589   00   33   00 ile bağlantılı olarak kullanılmalıdır.,,
 W206589002100 ,ADAPTÖR,BİNEK PAKET, Üreticiye özel silecek kolu bağlantısına sahip silecek kolların konumlandırılma açısının kontrol edilmesine ve ayarlanmasına yarayan adaptör., ,,
 W282589004300 ,Montaj aleti,BİNEK PAKET,Enjektörde conta halkasının açılması ve kalibrasyonu için montaj el aleti.,,,
 W282589002100 ,Kontrol adaptörü,BİNEK PAKET, Üst ölü noktasının (OT) belirlenmesi için kontrol adaptörü.,,,
 W254589003300 ,Çektirme aleti,BİNEK PAKET,Kombine pompasının silindir bloğundan çekip çıkarmak için dışarı çektirme aleti.,,,
 W654589003100 ,Montaj plakası,BİNEK PAKET, Eksantrik mili dişlisini sökerken ve takarken gerdirme dişlisinin çevrilmesi ve sabitleme pimleri ile emniyete almak için montaj plakası. ,,,
 W282589004000 ,Tutma kilidi,BİNEK PAKET,Merkezi cıvatanın çözülmesinde veya sıkılmasında krank milinin kontralanması için tutma kilidi.,,,
 W700589131500 ,MİL,BİNEK PAKET,Bilgi yok,,,
 W715589221500 ,MALAFA,BİNEK PAKET,Yüksek voltajlı akünün takılması için malafa.,,,
 W654589024300 ,Montaj aleti,BİNEK PAKET,Motor bloğunda yatak kapağının montajı için montaj el aleti.,,,
 W700589151500 ,DRIFT,BİNEK PAKET,Bilgi yok,,,
 W725589034000 ,Karşı tutucu,BİNEK PAKET,Silindir flanşının cıvatalarını çözmek için karşı tutucusu (merkezleme adaptörü). ,,,
 W129589009112 ,Kapama tapası,BİNEK PAKET, Otomatik şanzımandaki ve yağ soğutucusundaki yağ hatlarının kapatılması için kapatma tapaları.,,,
 W254589003900 ,Uyarlama,BİNEK PAKET,Takılı durumdaki eksantrik zincirini ayırmaya ve perçinlemeye yönelik adaptasyon. ,,,
 W907589021500 ,MALAFA,BİNEK PAKET,Dağıtıcı dişli kutusunun tahrik flanşındaki radyal mil keçesinin arka aksa tahrik edilmesi için malafa.,,,
 W000589513100 ,ADAPTÖR,BİNEK PAKET,Motor kaputunun desteklenmesi için adaptör.,Teknik hatırlatma: Destek ile bağlantılı olarak W   170   589   04   63   00. Adaptör araç kilit demirinin korunması için desteğe W   170   589   04   63   00 yerleştirilir,,
 W656589001500 ,MALAFA,BİNEK PAKET,Egzoz turboşarjın ve egzoz turboşarjın döküm korumasının birbirine ortada hizalanması için malafa.,,,
 W654589034000 ,Karşı tutucu,BİNEK PAKET,Titreşim azaltıcısındaki cıvataları gevşetmek ve sıkmak için karşı tutucu. Krank milinin çevirilmesi ve tutulması için karşı tutucu,Teknik hatırlatma: W   654   589   00   40   00 karşı tutucu ile bağlantılı olarak.,,
 W254589006300 ,Çatal parça,BİNEK PAKET,Dengeleme millerini dengeleme mili gövdesine sabitlemek için çatal parçası ,,,
 W907589000900 ,Lokma anahtarı,BİNEK PAKET,Süspansiyon ünitesi başlığındaki süspansiyon ünitesi somununun kumanda edilmesi için lokma anahtar.,,,
 W651589146300 ,Bilgi Yok,BİNEK PAKET,Bilgi Yok,,,
 W177589033200 ,Amortisör çektirmesi,BİNEK PAKET,Bilgi Yok,,,
 W651589146300 ,Projective ring,BİNEK PAKET,Bilgi Yok,,,
 W724589010900 ,Lokma anahtarı,BİNEK PAKET,Yağ karteri tapasını açıp kapatmak için lokma anahtarı Teknik açıklama: Tekli parça W 725 589 02 90 01 lokma anahtar için yedek parça W 725 589 02 90 00 montaj aletinden.,,,
 W608589014000 ,Tutma kilidi,BİNEK PAKET,Takılı şanzımanda volan dişlisinin kilitlenmesi için tutma kilidi.,,,
 W000589403700 ,Kıskaç,BİNEK PAKET,∅ 20   mm'ye kadar olan hortumların ve hortum hatlarının ayrılması için kıskaç.,,,
 W654589004300 ,Takma tertibatı,BİNEK PAKET, Ön radyal mil keçesinin takılması için takma tertibatı.,,,
 W211589003100 ,Fren pedallı kriko için adaptör,BİNEK PAKET,Fren pedallı kriko için adaptör.,,,
 W454589000300 ,Açık ağızlı yıldız anahtar,BİNEK PAKET,18   mm'lik anahtar boyutlu yıldız anahtar lokması püskürtme hatlarının cıvata bağlantısı için.,,,
 W254589013300 ,Çektirme aleti,BİNEK PAKET,Enjekörleri çekip çıkartmak için dışarı çektirme aleti.,,,
 W000589956300 ,Sökme aleti,BİNEK PAKET,Plastik klipslerin sökülmesi için demontaj aleti.,,,
 W000589543700 ,Uç,BİNEK PAKET,30   mm'ye kadar olan hortum hatları için kelepçedir. ,,,
 W447589013100 ,Adaptör seti,BİNEK PAKET, Lift platformu ve araç iskeleti arasında yeterli yerin sağlanması için adaptör seti. Taban altı kaplamasının veya indirgeme maddesi kabı püskürtme korumasının veya park kaloriferi püskürtme korumasının sökülmesi ve takılması esnasında kullanım.,,,
 W724589020900 ,Lokma anahtarı,BİNEK PAKET, Şanzıman yağı seviyesinin kontrolü ve düzeltmesi için lokma anahtarı.,,,
 W000589770300 ,Yıldız anahtar lokması,BİNEK PAKET,"14   mm, 1/4” 4-köşe tahrikli açık ağızlı yıldız lokma anahtar elemanı. Fren hatlarının, fren hortumlarının ayrıca hidrolik hatların (örn.   SBC hidrolik ünitesinin) sökülmesi, takılması için.",,,
 W000589513700 ,PENSE,BİNEK PAKET,Piston segmanlarının ayrılması için pense,,,
 W454589003700 ,Hortum kıskacı pensesi,BİNEK PAKET,Kendiliğinden sıkışan hortum kıskaçlarının ayrılması ve tespit edilmesi için hortum kıskacı pensesi.,,,
 W606589003700 ,Pense,BİNEK PAKET, Manyetik valfleri çekerek vites değiştirme plakasından çıkarmaya yarayan pensedi,,,
 W470589020700 ,Kanallı somun anahtarı,BİNEK PAKET,Tahrik milindeki kanallı somunu sökmeye yarayan kanallı somun anahtarıdır.,,,
 W470589093300 ,Çektirme,BİNEK PAKET,Arka aksın sökülü tahrik millerinden (yan miller) tekerlek rulmanlarını çektirerek çıkarmak için dışarı çektirme aleti.,,,
 W471589021500 ,MALAFA,BİNEK PAKET,Bilgi yok,,,
 W700589181500 ,MALAFA,BİNEK PAKET,Tip 910: Radyal mil keçesinin şanzımanın tahrik miline çakılarak takılması için malafa. Tip 907 Motor 780.6 ile: Arka aks tahriki modülünün radyal mil keçelerinin takılması için malafa.,,,
 W116589001500 ,Bilgi Yok,BİNEK 3/1,Bilgi yok,,,
 W450589000700 ,Depo modülü el aleti,BİNEK 3/1, Depo modülündeki rakor somununun takılması ve sökülmesi için.,"Hatırlatma: Depo modülü aleti, Smart no.: 0014621, MB el aleti kancalı anahtar 639 589 00 07 00 ile aynıdır.",,
 W203589033100 ,Tutucu,BİNEK 3/1,Kremayerli direksiyonda kremayer boşluğunu ölçmeye yarayan komparatör tutucusudur,,,
 W210589072100 ,Tutucu,BİNEK 3/1,Kremayerli direksiyonda kremayer boşluğunu ölçmeye yarayan komparatör tutucusudur,,,
 W724589003300 ,ÇEKTİRME,BİNEK 3/1, 4-Delikli yağ pompası dişlisinin yağ pompasından çekip çıkarılması ve kontralanması için çektirme,,,
 W904589056300 ,Bilgi Yok,BİNEK 3/1,Bilgi yok,,,
 W730589023300 ,Çektirme,BİNEK 3/1,Taşıyıcı mafsalı aks başından çekerek çıkartın.,,,
 W230589003300 ,Çektirme,BİNEK 3/1,Yay bağlantı kolu için çektirme aletidir. Teknik hatırlatma: Sadece W   140   589   00   63   00 basınç aktarım parçası ile birlikte kullanılmalıdır.,,,
 W202589044307 ,Plaka,BİNEK 3/1,"Plaka, W 202 589 04 43 00 için yedek parça çektirme el aleti. Tip 205, 213, 238, 253, 257, 290 olduğunda çekme desteği elastomer yatağının dışarı preslenmesinde altına yerleştirilecek plaka.",,,
 W202589044306 ,Plaka,BİNEK 3/1,Ön aks tekerlek rulmanının dışarı preslenmesi için plaka,,,
 W222589056300 ,Kontrol adaptörü,EQ Dolap,Gerilimsizlik kontrolü için manüel serbest bırakma işlemi.,,9/4/2024,
 W222589066300 ,Kontrol adaptörü,EQ Dolap,Manuel onay süreci sırasındaki gerilimsizliğin tespit edilebilmesi için kontrol adaptörü. Kullanım amacı Tip 222: Taşıyıcı plakadaki gerilimsizliğin kontrolü için kontrol adaptörü.,Hatırlatma: W   222   589   02   63   00 kontrol adaptörü için yedek. ,9/4/2024,
 W711589053100 ,Yerleştirme tertibatı,BİNEK 3/2,Şanzımanda ara parçayı vidalarken bilya yatağını konumlandırmak için. Ana ve grup mili arasında bağlantı parçasının sabitlenmes,,,
 W651589029100 ,Adaptör,BİNEK 3/2, Sızdırmazlık kontrol cihazı W 611 589 02 21 00 ile bağlantılı olarak turboşarj havası sisteminin sızdırmazlık kontrolü için adaptör. ,,,
 W230589003402 ,Bilgi Yok,BİNEK 3/2,Bilgi yok,,,
 W611589001400 ,Takma el aleti,BİNEK 3/2, Ön radyal mil keçesi için içeri çekme tertibatı.,,,
 W906589036300 ,Montaj aleti,BİNEK 3/2,Isıdan koruma kovanının enjektörün üzerine bastırılarak geçirilmesi için montaj el aleti.,,,
 W711589053100 ,Yerleştirme tertibatı,BİNEK 3/2,Şanzımanda ara parçayı vidalarken bilya yatağını konumlandırmak için. Ana ve grup mili arasında bağlantı parçasının sabitlenmesi.,,,
 W271589009100 ,Bağlantı parçası,BİNEK 3/2,Sızdırmazlık kontrol cihazı W611 589 02 21 00 ile bağlantılı kullanım için bağlantı parçası,,,
 W129589000900 ,Bilgi Yok,BİNEK 3/2,Bilgi Yok,,,
 W117589032300 ,Malafa,BİNEK 3/2,Ventil kılavuzunun kontrolü için malafa 9   mm. Kontrol cihazı ,,,
 W906589036301 ,Kovan,BİNEK 3/2, Isı koruyucu kovanların enjeksiyon memesi üzerine bastırılması için olan W   906   589   00   63   00   monatj aleti ile bağlantılı kovan,,,
 W352589002100 ,Bağlantı parçası,BİNEK 3/2,Enjektör delikleri üzerinden kompresyon basıncı kontrolü için bağlantı parçası,,,
 W611589006300 ,Bilgi Yok,BİNEK 3/2,Bilgi Yok,,,
 W611589056300 ,Bilgi Yok,BİNEK 3/3,Bilgi Yok,,,
 W611589014000 ,Bilgi Yok,BİNEK 3/3,Bilgi Yok,,,
 W663589013400 ,Bilgi Yok,BİNEK 3/3,Bilgi Yok,,,
 W140589103300 ,Mesafe Parçası,BİNEK 3/3,W   140   589   06   63   00 kontaklama kutusunda kumanda kutularının kontaklarını W   140   589   01   33   00 montaj levyesi ile ayırmak için aralık parçası.,,,
 W273589009100 ,Adaptör,BİNEK 3/3, Turboşarj hava sisteminin sızdırmazlık kontrolü için adaptör.,,,
 W639589004000 ,Bilgi Yok,BİNEK 3/3,Bilgi Yok,,,
 W169589003700 ,PENSE,BİNEK 3/3,12-V-Prizlerin veya çakmakların sökülmesi için pense.,,,
 W642589019100 ,Adaptör,BİNEK 3/3, Turboşarj hava sisteminin sızdırmazlık kontrolü için adaptör.,,,
 W654589009100 ,Adaptör,BİNEK 3/3, Turboşarj hava sisteminin sızdırmazlık kontrolü için adaptör,,,
 W611589023300 ,Çektirme aleti,BİNEK 3/3,Sıkışan enjektörleri çözmek için çekip çıkartma aleti (temel cihaz),,,
 W211589006300 ,Gevşetme el aleti,BİNEK 3/4,Klima hatlarının sökülmesi için sökme aleti.,,,
 W639589000900 ,Lokma anahtarı,BİNEK 3/4,Öndeki süspansiyon ünitesinin cıvatalarını çözmek ve sıkmak için lokma anahtarı.,,,
 W000589584300 ,Bilgi Yok,BİNEK 3/4,Bilgi Yok,,,
 W202589044301 ,Bilgi Yok,BİNEK 3/4,Bilgi Yok,,,
 W271589014000 ,Tutma tertibatı,BİNEK 3/4, Kumanda zincirini içeri çekmek için tutma tertibatı. Kam mili dişlileri olan kumanda zincirini girişte tutar.,,,
 W202589044302 ,Bilgi Yok,BİNEK 3/4,Bilgi Yok,,,
 W715589056300 ,Adaptör,BİNEK 3/5,Darbeli çektirme 715   589   04   63   00 ile bağlantılı olarak valf elemanını sökmek için adaptör,,,
 W001589692100 ,Ölçme cihazı,BİNEK 3/5, V-kayışı gerginliği için ölçüm cihazı (krikit).,,,
 W950589001500 ,Malafa,BİNEK 3/5,Süspansiyon elemanının fren hattı geçme bağlantısını monte etmek için,,,
 W000589021000 ,Bilgi Yok,BİNEK 3/5,Bilgi Yok,,,
 W613589003300 ,Çektirme,BİNEK 3/5, Titreşim sönümleyici için çektirme aleti.,,,
 W638589033300 ,Bilgi Yok,BİNEK 3/5,Bilgi Yok,,,
 W124589023400 ,Baskı parçası,BİNEK 3/5,Diferansiyel dişli kutusunun yatağının çekilmesi için basınç aktarım parçası. Dağıtıcı dişli kutusunun yatağının çekilmesi için basınç aktarım parçası.,,,
 W442589056300 ,Yağ tablası bastırıcısı,BİNEK 3/5,Motor frenindeki valf yayını sökmek ve takmak için yay tablası bastırıcısı.,,,
 W901589003100 ,Yay gerdirici,BİNEK 3/5,Debriyaj pedalı ölü nokta yayının ön gerdirme işlemi,,,
 W201589013300 ,Çektirme,BİNEK 3/5,Bağlantı rotu (uzun rot) ve direksiyon çekme kolu (kısa rot) küresel mafsalları için çektirme. ,,,
 W601589043300 ,Çektirme,BİNEK 3/5,Bağlantı rotu (uzun rot) ve direksiyon çekme kolu (kısa rot) küresel mafsalları için çektirme.,,,
 W601589024000 ,Tutma kilidi,BİNEK 3/5,Başlatma dişli çemberi taşıyıcısındaki krank mili için durdurma kilidi. ,,,
 W711589006300 ,Senkronize bilezik tutucusu,BİNEK 3/5, Ana mil için senkron tutucuyu monte et.,,,
 W447589006200 ,Tutma tertibatı,BİNEK 3/ORTA,Motorun alttan sabitlenmesi için tutma tertibatı.,,,
 W140589114300 ,Çektirerek sökme ve takma el aleti,BİNEK 3/ORTA,Lastik yatak için çektirme ve takma el aleti - alt enine bugi kolu.,,,
 W129589034305 ,Kovan,BİNEK 3/ORTA,Arka aks yay bağlantı kolu için iç elastomer yatağını içeri bastırmaya yarayan kovandır,,,
 W212589004300 ,Çektirerek sökme ve takma el aleti,BİNEK 3/ORTA,Çekici kol yataklarını çekmek ve içeri itmek için,eksik/hasarlı,,
 W220589064300 ,Presleyerek sökme ve takma aleti,BİNEK 3/ORTA," TİP 171, 172, 203, 204, 205, 206, 207, 209, 211, 213, 214, 215, 216, 219, 220, 221, 222, 223, 230, 231, 236, 238, 253, 254, 257, 295, 296, 297 Enine bağlantı kolu, çekme çubuğu ve süspansiyon bağlantı kolunun elastomer yatağının dışarı- ve içeri preslenmesi için presleyerek sökme ve takma aleti. Tip 164, 166, 169, 245, 251 Ön akstan ve arka akstan tekerlek rulmanın dışarı ve içeri preslenmesi için dışarı presleme ve içeri presleme aleti.",Eksik Parça,,
 W730589004300 ,İçeri ve dışarı presleme aleti,BİNEK 3/ORTA,Tekerlek taşıyıcısında tekerlek poyrası ve tekerlek yatağı için içeri ve dışarı presleme aleti.,Eksik Parça,,
 W230589003400 ,"Çektirme, takma el aleti tamamlama seti",BİNEK 3/ORTA," Tip 211, 219 ve 230'da: Arka aks dişli kutusundaki elastomer yatağının dışarı ve içeri çekilmesine yarayan dışarı ve içeri çekme tertibatı tamamlayıcı setidir. Tip 169 ve 245'te: Ön aks tekerlek rulmanının dışarı ve içeri çekilmesine yarayan dışarı ve içeri çekme tertibatı tamamlayıcı setidir. ",Eksik Parça,,
 W203589004300 ,Çektirerek sökme ve takma el aleti,BİNEK 3/ORTA,Arka aks taşıyıcısındaki ön ve arka lastik yataklar için çektirerek sökme ve takma aleti,,,
 adblue ÇANTA ,ADBLUE ölçüm kabı,BİNEK 3/SON,Adblue ölçüm kabı çantası,Eksik Parça,,
 Motometer Çanta ,Motometer,BİNEK 3/SON,MOTOMETER,,,
 Klima Gaz Kaçağı Çanta ,Klima Gaz Kaçağı,BİNEK 3/SON,Klima Gaz Kaçağı,Eksik Parça,,
 Mitutoyo Bore Gage Çanta ,İç çap ölçüm cihazları,BİNEK 3/SON,İç çap ölçüm cihazları,Eksik Parça,,
 W124589062100 ,Kontrol cihazı çanta,BİNEK 3/SON, Direksiyon basınç ölçme saati (Otobüs),hasarlı,,
 W457589013300 ,Keçe çakacağı,BİNEK 3/SON,Radyal mil keçesinin sökülmesi için veya ön krank milindeki kaset conta halkalarının sökülmesi ve takılması için çektirme tertibatı.,Eksik Parça,,
 W470589056100 ,supap alet çantası,BİNEK 3/SON,"Valf yayının takılması ve sökülmesi için, valf sapı contasının takılması için çektirme aleti ve malafa dahil.",,,
 W470589053300 ,sökme ve takma el aleti ÇANTASI,BİNEK 3/SON,Silindir gömleğinin takılması ve sökülmesi için ve kovan taşmalarının ölçülmesi için.,,,
 W203589016302 ,Germe plakası,BİNEK 2/SON, Ön aks makasının sökülmesi ve takılması için sabitleme plakası.,,,
 W168589026300 ,Germe plakası,BİNEK 2/SON,Gerdirme cihazı 210   589   00   31   00 ve gerdirme cihazı 203   589   01   31   00 için gerdirme plakası (2 adet),,,
 W639589006300 ,Germe plakası,BİNEK 2/SON,Germe plakaları (2 adet) germe cihazı ,,,
 W204589006300 01 02 03 ,Germe plakası,BİNEK 2/SON,Ön aks süspansiyon ünitelerin baş yatağı altlığı için tespit plakası,,,
 W212589006300 ,Adaptör plakası,BİNEK 2/SON, Ön aks yaylarını gerdirmek için adaptör plakası,Eksik Parça,,
 W203589016301 ,Germe plakaları,BİNEK 2/SON,Ön akstaki yay bacağı için germe cihazı 203 589 01 31 00 ile bağlantılı germe plakaları (2 adet),Eksik Parça,,
 W211589016300 ,Germe plakası,BİNEK 2/SON,Ön aksta süspansiyon ünitesi için germe cihazına 203   589   01   31   00 germe plakası.,,,
 W169589026300 ,Germe plakaları,BİNEK 2/SON, Arka aks yaylarının takılması-/sökülmesi için germe plakaları.,Eksik Parça,,
 W230589116300 ,Germe plakası,BİNEK 2/SON,Ön ve arka akstaki süspansiyon ünitesinin yaylarının gerilmesi için gerdirme plakası.,,,
 HAZET 4900-35 ,Amortisör çektirmesi,BİNEK 2/SON,Bilgi Yok,,,
 W164589016301 02 ,Germe plakaları,BİNEK 2/SON, Arka yaylar için 202   589   02   31   00 gerdirme cihazına ait germe plakaları (2 adet).,,,
 W211589036301 02 ,Germe plakaları,BİNEK 2/SON,Germe plakaları Ø   120   mm (2 adet) arka aks yaylarına ilişkin germe cihazı ,,,
 W202589136301 02 ,Germe plakaları,BİNEK 2/SON," Gerdirme plakaları Ø 120 mm (2 adet) şunlarla ilgilidir: W 202 589 01 31 00 gerdirme cihazı ön aks süspansiyon yayı için Tip 116, 123, 124, 129, 170, 201, 202, 208, 210'de (210.08/28 hariç) ve arka aks süspansiyon yayları için Tip 220'de Code 979 ile, Tip 221, 222 Code Z07. ile. Şunlarla ilgili: W 202 589 02 31 00 Gerdirme cihazı arka aks süspansiyon yayları için",,,
 W202589146301 02 ,Germe plakaları,BİNEK 2/SON,"Ön aks makası için W 202 589 01 31 00 gerdirme cihazına ve arka aks makası için W 202 589 02 31 00 gerdirme cihazına gerdirme plakaları ∅ 140   mm (2 adet). Teknik hatırlatma: Ön aks makası için W 202 589 01 31 00 gerdirme cihazı - tip 126, 140. Arka aks makası için W 202 589 02 31 00 gerdirme cihazı - tip 107, 114, 116, 123, 126, 140.",,,
 W639589022300 ,"Süspansiyon seviyesini belirlemek için referans,",BİNEK 2/SON,"Süspansiyon seviyesini belirlemek için referans,",,,
 W001589762100 ,Kompresyon basıncı kayıt cihazı,ORTA / ÇANTA,"Otto motorlar için 3,5...17,5 bar ve dizel motorlar için 10...40 bar komple kompresyon basıncı yazıcısı.",,,
 W177589003100 ,Germe aleti,ORTA / ÇANTA,Aks mafsalının sökülmesi için gerdirme el aleti.,,,
 W611589042100 ,Yakıt fazlası-kontrol cihazı 2 ÇANTA,ORTA / ÇANTA, Enjektörlerin yakıt fazlası miktarını ölçmek için yakıt fazlası kontrol cihazı.,,,
 W256589013300 ,Çektirme ÇANTA,ORTA / ÇANTA, Yağ pompası birimini çekmek ve yağ pompasındaki veya yakıt yüksek basınç pompasındaki zincir dişlisini kontralamak için çektirme aleti.,,,
 W654589003100 ,Montaj plakası ÇANTA,ORTA / ÇANTA,Eksantrik mili dişlisini sökerken ve takarken gerdirme dişlisinin çevrilmesi ve sabitleme pimleri ile emniyete almak için montaj plakası. ,,,
 W001589902100 ,Kayış Ölçüm cihazı ÇANTA,ORTA / ÇANTA,Kayış Ölçüm cihazı ÇANTA,,,
 W646589012100 ,Kontrol cihazı,ORTA / ÇANTA,Yakıt düşük basınç devridaim hattını kontrol etmek için kontrol cihazı.,,,
 W001589832100 ,RADYATÖR BAS. KONT CHZ.,ORTA / ÇANTA,Soğutma sistemi ve radyatör bağlantısı için çantalı kontrol cihazı.,Eksik?,,
 W211589022100 ,Ayar el aleti seti,ORTA / ÇANTA,Silecek kollarının ön ve arka cama dayanma açısının kontrolü ve ayarı için ayarlama el aleti ,,,
 W654589003300 ,Perçin presleme aleti,ORTA / ÇANTA, Kumanda zincirinin yenilenmesi için baskı ve kılavuz parçalı perçin presleme aleti.,,,
 W000589002100 ,Kontrol kutusu,ORTA / ÇANTA,Elektrik sistemlerinin tipe özgü adaptör kablo demetlerine kontaklanması için 189 kutuplu kontrol kutusu (soket kutusu).,,,
 W201589009900 ,Elektro bağlantı seti,ORTA / ÇANTA,KABLO SETİ,,,
 W220589009900 ,Elektro bağlantı seti,ORTA / ÇANTA,KABLO SETİ,,,
 HAZET 4812-10/4S , Hazet Çift Kameralı Video Endoskop Seti ,ORTA / ÇANTA, Hazet Çift Kameralı Video Endoskop Seti ,,,
 W611589022100 ,Sızdırmazlık kontrol cihazı,ORTA / ÇANTA,Sızdırmazlığın kontrol edilmesi ve turboşarj havası sisteminin emiş tarafında kaçak araması. ,,,
 W451589004000 ,Karşı tutucu,ORTA / HTA,Su pompasının kayış kasnağını sabit tutmak için karşı tutucu.,,,
 W651589054000 ,Karşı tutucu,ORTA / HTA,,,,
 W651589064000 ,Karşı tutucu,ORTA / HTA,Viskoz fan kavramasının takılmasında ve sökülmesinde soğutma maddesi pompasının kayış kasnağından kontra yapılması için.,,,
 W906589004000 ,Karşı tutucu,ORTA / HTA,Fan kayış kasnağı veya soğutma maddesi pompasının kontra tutulması için,,,
 W611589004000 ,Karşı tutucu,ORTA / HTA,"Viskoz fan kavramasının takılması, sökülmesi sırasında soğutma maddesi pompası kayış kasnağı için karşı tutucu.",,,
 W651589006100 ,Takma el aleti,ORTA / HTA,Krank mili ön radyal keçesi için çektirme el aleti.,,,
 W651589016100 ,Takma el aleti,ORTA / HTA,Radyal mil keçesi arka krank milinin monte edilmesi için çekme aleti.,,,
 W602589023300 ,Zincir ayırma aleti,ORTA / HTA,Yenilemede kumanda zincirin ayrılması için zincir ayırma aleti,,,
 W642589003300 ,Zincir ayırma aleti,ORTA / HTA,,,,
 W355589016300 ,Darbeli çektirme,ORTA / HTA,"Diferansiyel dişli grubu kilidi kavrama pistonunun, millerin, bağlantı parçalarının ve kapakların sökülmesi için darbeli çektirme.",Eksik Parça?,,
 W642589003300 ,Zincir ayırma aleti,ORTA / HTA,,,,
 W312589075300 ,ÇOLAK ÇEKTİRME,NFZ 1,ÇOLAK ÇEKTİRME,,,
 W655589003533 ,ÇEKTİRME,NFZ 1,ÇEKTİRME,,,
 W447589011500 ,Malafa,NFZ 1,Ön krank mili üzerindeki çalışma halkası için malafa.,,,
 YEŞİL KAPAK ,YEŞİL KAPAK ,NFZ 1,2 ADET,,,
 W400589049100 ,Su kaçağı bulma aparatı,NFZ 1,Su kaçağı bulma aparatı,,,
 W950589006100 ,Merkezleme malafası,NFZ 1,Ø 430 mm'li debriyaj diskinin merkezlenmesinde kullanılan Ø 44 ve kılavuz yatak için Ø 25 mm çaplı merkezleme malafalar,,,
 W906589006100 ,Merkezleme malafası,NFZ 1,Debriyaj diski için 36 mm çaplı debriyaj diskinin ve kılavuz yatak için 25 mm çaplı debriyaj diskinin montajı için merkezleme malafası.,,,
 W766589006300 ,Bilgi Yok,NFZ 1,Bilgi Yok,,,
 W602589001500 ,Malafa,NFZ 1,Bilgi Yok,,,
 W541589013400 ,Mesafe pulu,NFZ 1,Ön radyal mil keçesinin montajı için. Hatırlatma: Çektirme tertibat 541 589 02 33 00 ile bağlantılı olarak.,,,
 W541589003400 ,Mesafe pulu,NFZ 1, Ön radyal keçelerinin sökülmesine yarar. Hatırlatma: 541 589 02 33 00 sökme ve takma el aleti ile birlikte.,,,
 W950589001500 ,Malafa,NFZ 1,Süspansiyon elemanının fren hattı geçme bağlantısını monte etmek için.,,,
 W111589030900 ,NOX SENSÖRÜ REKOR ,NFZ 1," Altıköşe lokma, açık (ağız genişliği 22   mm) ½""-dört köşe tahrik ile, lambda sondasının takılması ve sökülmesi için. Aynı şekilde egzoz gazını sonradan işleme ünitesindeki NOx sensörlerin takılması ve sökülmesi için.",,,
 W001589000300 ,10MM YILDIZ LOKMA,NFZ 1,12x9 mm dört köşe lokma ile birlikte 10 mm açık yıldız anahtar lokması,,,
 W403589026300 ,Malafa,NFZ 1,"Malafa (M16x1,5), volanın veya titreşim amortisörün çıkarılıp alınmasında ve yerleştirilmesinde kılavuz olarak kullanılır. Diğer kullanımı: Krank milinin sökülmesi ve takılması için tespit yardımcısı olarak kullanılır.",,,
 W904589026300 ,Merkezleme malafası,NFZ 1,Volanı çıkarmak ve yerine oturtmak için merkezleme malafası ,,,
 W936589021505 ,Kılavuz zımbası,NFZ 1,Volanı krank milinin üzerine yerleştirmek için. 2 ADET,,,
 W400589009100 ,Adaptör,NFZ 1, Direksiyonun hidrolik basıncını belirlemek için adaptör. Hatırlatma: Sadece 437 589 00 21 00 manometre ve 400 589 01 91 00 hortum ile bağlantılı olarak.,,,
 W400589071500 ,Bilgi Yok,NFZ 1,Bilgi Yok,,,
 W715589143300 ,Çekip çıkarma cıvataları,NFZ 1,Alan grubunu sökmek için çektirme cıvataları.,,,
 W963589086300 ,EL freni kilit açma aparatı,NFZ 1,Gösterge tablosunda elektronik el freninin kumanda kolunun sökülmesi için kilit açma aleti.,,,
 W936589029100 ,sızdırmazlık kontrol cihazı,NFZ 1,Egzoz gazı geri gönderme soğutucusunun sızdırmazlık kontrolü için sızdırmazlık kontrol cihazı. ,,,
 W000589219900 ,Far Temizlik seti,NFZ 1,Far camlarının içten temizlenmesi için temizlik seti.,,,
 W001589007100 ,POMPA,NFZ 1,Bakım çalışmalarında AdBlue® pompa modülü hidrolik akümülatör balonunun doldurulması ve basınç kontrolü için.,,,
 W442589003300 ,ÇEKTİRME,NFZ 1,Ön krank milindeki çalışma halkasını çektirerek çıkarmak için çektirme aleti. Çalışma halkası 403 031 07 27 flanşlı eski model için de kullanılabilir.,,,
 W964589003300 ,ÇEKTİRME ÇANI,NFZ 1,Direksiyon kutusu kumanda parmağını direksiyon dişli kutusundan çekip çıkarmak için çektirme çanı.,,,
 W715589073100 ,Tutma tertibatı,NFZ 1, Vites çatalını split grubuna sabitlemek için,,,
 W963589016300 ,KİLİT ÇÖZÜCÜ,NFZ 1, Basınçlı hava hortumundaki soket bağlantısını kompresör ve basınçlı hava hattı arasından ayırmak için,,,
 W000589183100 ,Fren pedallı kriko,NFZ 1,Fren pedalı kaldıracı,,,
 W936589053300 ,ÇEKTİRME,NFZ 1,Bilgi Yok,,,
 W715589081500 ,Malafa,NFZ 1,Radyal mil keçesinin güç çıkış tarafına çakılması için malafa W715589061500,,,
 W936589011500 ,Malafa,NFZ 1,Pilot yatağın emniyet segmanıyla birlikte volana çakılması için.,,,
 W906589004300 ,Bilgi Yok,NFZ 1,Bilgi Yok,,,
 W604589001500 ,ÇAKMA MALAFA,NFZ 1,Silindir krank gövdesindeki yağ püskürtme memesini hizalama kenarlı çakma zımbası.,,,
 W611589001500 ,ÇAKMA MALAFA,NFZ 1,Krank muhafazasındaki yağ püskürtme çıkışı için hizalama dayanaklı çakma malafası.,,,
 W715589246300 ,Tutma tertibatı,NFZ 1,Enine vites değiştirme tertibatı sökülü iken vites boş konumundayken vites değiştirme kızaklarını tutmak için.,,,
 W715589030700 ,Muylu anahtarı,NFZ 1,Split grubu pistonlarının sökülmesi ve takılması için bir muylu anahtar.,,,
 W221589030900 ,Lokma anahtarı,NFZ 1,Fren kaliperi cıvatalarını çözmek ve sıkmak için. Ön stabilizatör çubuğunun çözülmesi ve sıkılması için. Tork çubuğunda ve arka kamber ayar kolunda somunları çözmek sıkmak için. Arka eksantrik cıvatasında rot ayarının ayarlanması için.,,,
 W963589043100 ,Tutma tertibatı,NFZ 1,Egzoz emisyonu iyileştirme ünitesindeki bakım kapağı gerdirme bandlarının yaylarını demontaj veya montaj sırasında gergin olarak tutmak için.,,,
 W470589035900 ,piston sıkacağı,NFZ 1,"Pistonun silindir çalışma yüzeyine (10,6l) takılmasında",,,
 W936589011400 ,Mesafe pulu,Çekmece,"Arka radyal mil keçesi için takma tertibatı dengeleme pulu, 457 589 01 43 00 takma tertibatı ile birlikte kullanılır.",,,
 W470589042100 ,Euro-6 sentil çanta,NFZ 1,Egzoz supabı ve emme supabının ayarlanması için ayar aleti.,,,
 W611589012100 ,Euro-6 Geri geri dönüş,NFZ 1,Enjektörlerin yakıt fazlası miktarını ölçmek için yakıt fazlası kontrol cihazı. Kontrol cihaz,,,
 W936589014000 ,Tutma tertibatı,NFZ 2, Krank milinin üst ölü noktaya (ÜÖN) sabitlenmesi için tutma tertibatı.,,,
 W470589119106 ,adaptör,NFZ 2,Yakıt alçak basınç devridaim hattının sızdırmazlık kontrolü için adaptör; manometre W 103 589 00 21 01 ve adaptör W 470 589 11 91 05 ile,,,
 W936589011400 ,Mesafe pulu,NFZ 2,"Arka radyal mil keçesi için takma tertibatı dengeleme pulu, 457 589 01 43 00 takma tertibatı ile birlikte kullanılır.",,,
 W163589019100 ,Kontrol bağlantısı,NFZ 2, Soğutma tertibatını sızdırmazlık açısından kontrol etmek için soğutma maddesi genleşme kabı ile W   124   589   24   21   00 kontrol cihazı arasına takılan kontrol kapağı.,,,
 W936589033302 ,Darbeli çektirme,NFZ 2,Çeşitli yapı parçalarını sıkmak için.,,,
 W936589033301 ,Alet takımı,NFZ 2,Koruma kovanını silindir kapağından çektirmek ve koruma kovanını enjektörün üzerine preslemek için.,,,
 W470589043302 ,takma aleti,NFZ 2,O ringlerin enjektöre takılması için yerleştirme aleti.,,,
 W470589043301 ,takma aleti,NFZ 2,O ringlerin enjektöre takılması için yerleştirme aleti.,,,
 W470589030900 ,lokma,NFZ 2,Yağ termostatının takılması ve sökülmesi için lokma ucu.,,,
 W470589062301 ,Sente aparatı kırmızı şablon,NFZ 2,Eksantrik millerinin üst ölü noktaya (OT) konumlandırılması için şablon.,,,
 W470589062302 ,Sente aparatı kırmızı şablon,NFZ 2,Eksantrik millerinin üst ölü noktaya (OT) konumlandırılması için şablon.,,,
 W936589000700 ,tırnaklı anahtar,NFZ 2,Enjektörün su kovanını söküp takmak için tırnaklı anahtar.,,,
 W470589021502 ,Malafa,NFZ 2, Eksantrik mili muhafaza gövdesindeki kapağın montajı için.,,,
 W470589079101 ,sızdırmazlık kontrol cihazı,NFZ 2,"Egzoz gazı geri dönüş soğutucusu kontrolü için sızdırmazlık kontrol cihazı, yüksek basınç pompası 124 589 24 21 00 ile bağlantılı olarak.",,,
 W470589000700 ,tırnaklı anahtar,NFZ 2,Enjektörün su kovanını sökülmesi ve takılması için tırnaklı anahtar.,,,
 W936589039100 ,Bilgi Yok,NFZ 2,Bilgi Yok,,,
 W470589036300 ,Adaptör seti,NFZ 2,Takılı durumdaki kam milinde kam mili çerçevesinin sökülmesi ve takılması için adaptör seti.,,,
 W936589019100 ,Kapama tapası,NFZ 2,Kontrol çalışmaları sırasında Rail bağlantılarının kapatılması için kapama tapası.,,,
 W936589019100 ,Kapama tapası,NFZ 2,Kontrol çalışmaları sırasında Rail bağlantılarının kapatılması için kapama tapası.,,,
 W936589003100 ,Adapsyon,NFZ 2,"Dişlinin sökülmesi ve takılması sırasında yakıt pompasını ve basınçlı hava kompresörünü sabitlemek için, sabitleme tertibatı 470 589 08 40 00 ile birlikte kullanılır.",,,
 W936589049100 ,Adaptör,NFZ 2,Enjektörlerin ve Rail basınç ayar valfının yakıt geri dönüş miktarının ölçümü için. Yakıt filtresi modülünde kontrol adaptörü 470 589 02 21 00 ile bağlantılı olarak yakıt basıncı ölçümü için.,,,
 W936589009100 ,Adaptör,NFZ 2,Enjektör deliği üzerinden kompresyon kontrolü için.,,,
 W470589012100 ,Ayarl aleti,NFZ 2,3. dişlide kumanda tahrikini ayarlamak için ayar aleti.,,,
 W470589012300 ,Sabitleme tertibatı,NFZ 2,Dişli çark tahrikinin sökülmesi sırasında krank milinin OT'ye sabitlenmesi için.,,,
 W470589032302 ,ŞABLON,NFZ 2,Eksantrik millerinin üst ölü noktaya konumlanması için şablon,,,
 W470589032300 ,ŞABLON,NFZ 2,Eksantrik millerinin üst ölü noktaya konumlanması için şablon,,,
 W936589003300 ,Çektirme aleti,NFZ 2,Enjektörlerin silindir kapağıdan dışarı çektirilmesi için.,,,
 W470589001500 ,Malafa,NFZ 2,Krank milinin volan dişli çerçevesi üzerinden OT'ye sabitlenmesi için.,,,
 W470589009103 ,ADAPTÖR,NFZ 2,Kompresyonun enjektör deliği üzerinden kontrol edilmesine yönelik adaptör,,,
 W470589009100 ,ADAPTÖR,NFZ 2,Kompresyonun enjektör deliği üzerinden kontrol edilmesine yönelik adaptör,,,
 W711589024300 ,takma aleti,NFZ 2,Şanzıman gövdesinde grup milinin yatağını takmak için takma el aleti.,,,
 W470589003100 ,ÖLÇÜM KÖPRÜSÜ,NFZ 2,Piston taşmasını ölçmek için.,,,
 W400589092100 ,Bilgi Yok,NFZ 2,Bilgi Yok,,,
 W970589002300 ,AYARLAMA APARATI,NFZ 2,Vites kolu için ayar tertibatı,,,
 W936589002300 ,ŞABLON,NFZ 2,Eksantrik millerinin konumlanması için şablon.,,,
 W470589013300 ,DIŞARI ÇEKME ALETİ,NFZ 2,Enjektörün silindir kapağından sökülmesi için çektirme aleti.,,,
 W470589066100 ,Kılavuz pimleri,NFZ 2,Montaj sırasında silindir kapağın yönlendirilmesi esnasında.,,,
 W470589000100 ,Karşı tutucu,NFZ 2,Yakıt geri dönüş hattı yağ radyatörü bağlantısının kontralanması için.,,,
 BİLGİ YOK ,OTOBÜS DİREKSİYON ÇEKTİRMESİ,NFZ 2,OTOBÜS DİREKSİYON ÇEKTİRMESİ,,,
 W470589024300 ,Keçe çakacağı,NFZ 1,Arka radyal mil keçesinin krank mili çıkışına takılması için.,,,
 W715589266300 ,Oturma plakası,NFZ 4,Şanzımanı kanal lifti ile sökmek için. Hatırlatma: Rotary Blitz Tip/Model şanzıman yuva plakasıyla birlikte: GA IVÜrün No. 590-3135 (şanzıman yuva plakasını sabitlemeye yarayan cıvatalar),,,
 W936589016200 ,Motor kaldırma aparato,NFZ Koridor,Komple motorun cereskal ile bağlantılı olarak sökülmesini ve takılmasını içeren uyarlama.,,,
 W711589014300 ,Basınç cihazı,NFZ 4,Bilgi Yok,,,
 W936589003700 ,Piston segman Takacağı Sıktırma,NFZ 4,Bilgi Yok,,,
 W343589003300 ,Çektirme tertibatı,NFZ 4,"Miller, akslar ve pimler için 13 parçalı dışarı çektirme tertibat",,,
 W470589016300 ,Kablo Seti,NFZ 4,Bilgi Yok,,,
 W963589009100 ,Doldurma cihazı,NFZ 4, Park klima sisteminin soğutma maddesi devridaim hattının boşaltılması ve kabarcıksız olarak doldurulması için dolum cihazı. ,,,
 W470589053300 ,sökme ve takma el aleti (ÇANTA),NFZ 4,Silindir gömleğinin takılması ve sökülmesi için ve kovan taşmalarının ölçülmesi için.,,,
 W936589006100 ,Supap alet çantası,NFZ 4,"Valf yaylarının, valf sapı contasının montaj malafası ve çektirme aleti dahil ayrıca valf kılavuzları için bir alıştırma piminin sökülmesi ve takılması için valf takım çantası.",,,
 W715589133300 ,çektirme,NFZ 3,"Şanzıman gövdesi arka parçasını çektirmek için ve 1. vites için dişliyi çektirmek için. Hatırlatma: Aşağıdaki birimlerle bağlantılı olarak, 715 589 15 34 00 Hidrolik silindir 715 589 10 34 00 Adaptör 715 589 11 34 00 Adaptör 715 589 12 34 00 Adaptör 652 589 00 33 21 El pompası 652 589 00 33 23 Hidrolik hortum",,,
 W715589024300 ,Yerleştirme tertibatı,NFZ 3,"Krank milleri ana yatağının (arka) preslenmesi için çektirme tertibatı, 715 589 13 33 00 çektirme aleti, 715 589 15 34 00 hidrolik silindir, 715 589 10 34 00 adaptör, 715 589 11 34 00 adaptör, 715 589 12 34 00 adaptör, 652 589 00 33 21 el pompası ve 652 589 00 33 23 hidrolik hortum ile bağlantılı olarak.",,,
 W470589016200 ,Kavrama aleti (Kutu arkası),NFZ 3,"Dizel partikül filtresini (DPF) sökmek ve takmak için kavrama aleti, 470   589   04   31   00 yuvasıyla bağlantılı olarak.",,,
 W470589219100 ,Kontrol kapağı,NFZ 3,"Tüm emme sisteminin sızdırmazlık kontrolü için. Not (Motor 934, 936 ile Tip 405, 437 hariç): Kapak A   001   988   95   35 ile bağlantılı olarak.",,,
 W000589786300 ,GÜÇLENDİRİCİ,NFZ 4,TORK GÜÇLENDİRİCİ,,,
 W000589680300 ,Yıldız anahtar lokması,BİNEK 2/2,"Borulardaki rakor somununu gevşetmek ve sıkmak için yıldız anahtar lokması, anahtar genişliği 17 mm açık, tahrik 1/2"" dört köşeli.",,,
 W936589001400 ,Bilya çektirmesi,C4,,,,
 W470589022300 ,Ayar el aleti ,C4,,,,
 W400589079100 ,E6 Soğutma sistemi test adaptörü,C1,YEŞİL KAPAKLAR,,,
 W470589119105 ,Adaptör,C4,,,,
 W642589056300 ,Montaj parçaları,Binek 1/5,,,,
 W422589020900 ,Özel Lokma,Lokma dolabı,,,,11/25/2024
 W611589016300 ,,BİNEK 1/4,,,,
